{
    "name":"ctov:village/christmas/roads",
    "fallback": "ctov:village/christmas/terminator",
    "elements": [
        {
            "weight": 4,
            "element": {
                "element_type": "minecraft:single_pool_element",
                "projection": "terrain_matching",
                "location": "ctov:village/christmas/roads/straight",
				"processors": "ctov:village/christmas/roads"
            }
        },
        {
            "weight": 1,
            "element": {
                "element_type": "minecraft:single_pool_element",
                "projection": "terrain_matching",
                "processors": "ctov:village/christmas/roads",
                "location": "ctov:village/christmas/roads/bent_1"
            }
        },
        {
            "weight": 1,
            "element": {
                "element_type": "minecraft:single_pool_element",
                "projection": "terrain_matching",
                "processors": "ctov:village/christmas/roads",
                "location": "ctov:village/christmas/roads/bent_2"
            }
        },
        {
            "weight": 1,
            "element": {
                "element_type": "minecraft:single_pool_element",
                "projection": "terrain_matching",
                "processors": "ctov:village/christmas/roads",
                "location": "ctov:village/christmas/roads/inter"
            }
        },
        {
            "weight": 1,
            "element": {
                "element_type": "minecraft:single_pool_element",
                "projection": "terrain_matching",
                "processors": "ctov:village/christmas/roads",
                "location": "ctov:village/christmas/roads/t_1"
            }
        },
        {
            "weight": 1,
            "element": {
                "element_type": "minecraft:single_pool_element",
                "projection": "terrain_matching",
                "processors": "ctov:village/christmas/roads",
                "location": "ctov:village/christmas/roads/t_2"
            }
        },
        {
            "weight": 1,
            "element": {
                "element_type": "minecraft:single_pool_element",
                "projection": "terrain_matching",
                "processors": "ctov:village/christmas/roads",
                "location": "ctov:village/christmas/roads/t_3"
            }
        }
    ]
}