{
	"name": "ctov:village/mesa_fortified/deco",
	"fallback": "minecraft:empty",
	"elements": [
		{
			"weight": 10,
			"element": {
				"element_type": "minecraft:single_pool_element",
				"projection": "rigid",
				"location": "ctov:village/mesa_fortified/deco/brazer",
				"processors": "minecraft:empty"
			}
		},
		{
			"weight": 10,
			"element": {
				"element_type": "minecraft:single_pool_element",
				"projection": "rigid",
				"location": "ctov:village/mesa_fortified/deco/stall_1",
				"processors": "minecraft:empty"
			}
		},
		{
			"weight": 10,
			"element": {
				"element_type": "minecraft:single_pool_element",
				"projection": "rigid",
				"location": "ctov:village/mesa_fortified/deco/stall_2",
				"processors": "minecraft:empty"
			}
		},
		{
			"weight": 1,
			"element": {
				"element_type": "minecraft:single_pool_element",
				"projection": "rigid",
				"location": "ctov:village/mesa_fortified/deco/statue",
				"processors": "minecraft:empty"
			}
		},
		{
			"weight": 10,
			"element": {
				"element_type": "minecraft:single_pool_element",
				"projection": "rigid",
				"location": "ctov:village/mesa_fortified/deco/tree_1",
				"processors": "minecraft:empty"
			}
		},
		{
			"weight": 10,
			"element": {
				"element_type": "minecraft:single_pool_element",
				"projection": "rigid",
				"location": "ctov:village/mesa_fortified/deco/tree_2",
				"processors": "minecraft:empty"
			}
		},
		{
			"weight": 10,
			"element": {
				"element_type": "minecraft:single_pool_element",
				"projection": "rigid",
				"location": "ctov:village/mesa_fortified/deco/tree_3",
				"processors": "minecraft:empty"
			}
		},
		{
			"weight": 10,
			"element": {
				"element_type": "minecraft:single_pool_element",
				"projection": "rigid",
				"location": "ctov:village/mesa_fortified/deco/tree_4",
				"processors": "minecraft:empty"
			}
		},
		{
			"weight": 10,
			"element": {
				"element_type": "minecraft:single_pool_element",
				"projection": "rigid",
				"location": "ctov:village/mesa_fortified/deco/well",
				"processors": "minecraft:empty"
			}
		}
	]
}